,Country,Alpha-2 code,Alpha-3 code,Numeric
0,Afghanistan,AF,AFG,004
1,Albania,AL,ALB,008
2,Algeria,DZ,DZA,012
3,American Samoa,AS,ASM,016
4,Andorra,AD,AND,020
5,Angola,AO,AGO,024
6,Anguilla,AI,AIA,660
7,Antarctica,AQ,ATA,010
8,Antigua and Barbuda,AG,ATG,028
9,Argentina,AR,ARG,032
10,Armenia,AM,ARM,051
11,Aruba,AW,ABW,533
12,Australia,AU,AUS,036
13,Austria,AT,AUT,040
14,Azerbaijan,AZ,AZE,031
15,Bahamas (the),BS,BHS,044
16,Bahrain,BH,BHR,048
17,Bangladesh,BD,BGD,050
18,Barbados,BB,BRB,052
19,Belarus,BY,BLR,112
20,Belgium,BE,BEL,056
21,Belize,BZ,BLZ,084
22,Benin,BJ,BEN,204
23,Bermuda,BM,BMU,060
24,Bhutan,BT,BTN,064
25,Bolivia (Plurinational State of),BO,BOL,068
26,"Bonaire, Sint Eustatius and Saba",BQ,BES,535
27,Bosnia and Herzegovina,BA,BIH,070
28,Botswana,BW,BWA,072
29,Bouvet Island,BV,BVT,074
30,Brazil,BR,BRA,076
31,British Indian Ocean Territory (the),IO,IOT,086
32,Brunei Darussalam,BN,BRN,096
33,Bulgaria,BG,BGR,100
34,Burkina Faso,BF,BFA,854
35,Burundi,BI,BDI,108
36,Cabo Verde,CV,CPV,132
37,Cambodia,KH,KHM,116
38,Cameroon,CM,CMR,120
39,Canada,CA,CAN,124
40,Cayman Islands (the),KY,CYM,136
41,Central African Republic (the),CF,CAF,140
42,Chad,TD,TCD,148
43,Chile,CL,CHL,152
44,China,CN,CHN,156
45,Christmas Island,CX,CXR,162
46,Cocos (Keeling) Islands (the),CC,CCK,166
47,Colombia,CO,COL,170
48,Comoros (the),KM,COM,174
49,Congo (the Democratic Republic of the),CD,COD,180
50,Congo (the),CG,COG,178
51,Cook Islands (the),CK,COK,184
52,Costa Rica,CR,CRI,188
53,Croatia,HR,HRV,191
54,Cuba,CU,CUB,192
55,Curaçao,CW,CUW,531
56,Cyprus,CY,CYP,196
57,Czechia,CZ,CZE,203
58,Côte d'Ivoire,CI,CIV,384
59,Denmark,DK,DNK,208
60,Djibouti,DJ,DJI,262
61,Dominica,DM,DMA,212
62,Dominican Republic (the),DO,DOM,214
63,Ecuador,EC,ECU,218
64,Egypt,EG,EGY,818
65,El Salvador,SV,SLV,222
66,Equatorial Guinea,GQ,GNQ,226
67,Eritrea,ER,ERI,232
68,Estonia,EE,EST,233
69,Eswatini,SZ,SWZ,748
70,Ethiopia,ET,ETH,231
71,Falkland Islands (the) [Malvinas],FK,FLK,238
72,Faroe Islands (the),FO,FRO,234
73,Fiji,FJ,FJI,242
74,Finland,FI,FIN,246
75,France,FR,FRA,250
76,French Guiana,GF,GUF,254
77,French Polynesia,PF,PYF,258
78,French Southern Territories (the),TF,ATF,260
79,Gabon,GA,GAB,266
80,Gambia (the),GM,GMB,270
81,Georgia,GE,GEO,268
82,Germany,DE,DEU,276
83,Ghana,GH,GHA,288
84,Gibraltar,GI,GIB,292
85,Greece,GR,GRC,300
86,Greenland,GL,GRL,304
87,Grenada,GD,GRD,308
88,Guadeloupe,GP,GLP,312
89,Guam,GU,GUM,316
90,Guatemala,GT,GTM,320
91,Guernsey,GG,GGY,831
92,Guinea,GN,GIN,324
93,Guinea-Bissau,GW,GNB,624
94,Guyana,GY,GUY,328
95,Haiti,HT,HTI,332
96,Heard Island and McDonald Islands,HM,HMD,334
97,Holy See (the),VA,VAT,336
98,Honduras,HN,HND,340
99,Hong Kong,HK,HKG,344
100,Hungary,HU,HUN,348
101,Iceland,IS,ISL,352
102,India,IN,IND,356
103,Indonesia,ID,IDN,360
104,Iran (Islamic Republic of),IR,IRN,364
105,Iraq,IQ,IRQ,368
106,Ireland,IE,IRL,372
107,Isle of Man,IM,IMN,833
108,Israel,IL,ISR,376
109,Italy,IT,ITA,380
110,Jamaica,JM,JAM,388
111,Japan,JP,JPN,392
112,Jersey,JE,JEY,832
113,Jordan,JO,JOR,400
114,Kazakhstan,KZ,KAZ,398
115,Kenya,KE,KEN,404
116,Kiribati,KI,KIR,296
117,Korea (the Democratic People's Republic of),KP,PRK,408
118,Korea (the Republic of),KR,KOR,410
119,Kuwait,KW,KWT,414
120,Kyrgyzstan,KG,KGZ,417
121,Lao People's Democratic Republic (the),LA,LAO,418
122,Latvia,LV,LVA,428
123,Lebanon,LB,LBN,422
124,Lesotho,LS,LSO,426
125,Liberia,LR,LBR,430
126,Libya,LY,LBY,434
127,Liechtenstein,LI,LIE,438
128,Lithuania,LT,LTU,440
129,Luxembourg,LU,LUX,442
130,Macao,MO,MAC,446
131,Madagascar,MG,MDG,450
132,Malawi,MW,MWI,454
133,Malaysia,MY,MYS,458
134,Maldives,MV,MDV,462
135,Mali,ML,MLI,466
136,Malta,MT,MLT,470
137,Marshall Islands (the),MH,MHL,584
138,Martinique,MQ,MTQ,474
139,Mauritania,MR,MRT,478
140,Mauritius,MU,MUS,480
141,Mayotte,YT,MYT,175
142,Mexico,MX,MEX,484
143,Micronesia (Federated States of),FM,FSM,583
144,Moldova (the Republic of),MD,MDA,498
145,Monaco,MC,MCO,492
146,Mongolia,MN,MNG,496
147,Montenegro,ME,MNE,499
148,Montserrat,MS,MSR,500
149,Morocco,MA,MAR,504
150,Mozambique,MZ,MOZ,508
151,Myanmar,MM,MMR,104
152,Namibia,NA,NAM,516
153,Nauru,NR,NRU,520
154,Nepal,NP,NPL,524
155,Netherlands (the),NL,NLD,528
156,New Caledonia,NC,NCL,540
157,New Zealand,NZ,NZL,554
158,Nicaragua,NI,NIC,558
159,Niger (the),NE,NER,562
160,Nigeria,NG,NGA,566
161,Niue,NU,NIU,570
162,Norfolk Island,NF,NFK,574
163,Northern Mariana Islands (the),MP,MNP,580
164,Norway,NO,NOR,578
165,Oman,OM,OMN,512
166,Pakistan,PK,PAK,586
167,Palau,PW,PLW,585
168,"Palestine, State of",PS,PSE,275
169,Panama,PA,PAN,591
170,Papua New Guinea,PG,PNG,598
171,Paraguay,PY,PRY,600
172,Peru,PE,PER,604
173,Philippines (the),PH,PHL,608
174,Pitcairn,PN,PCN,612
175,Poland,PL,POL,616
176,Portugal,PT,PRT,620
177,Puerto Rico,PR,PRI,630
178,Qatar,QA,QAT,634
179,Republic of North Macedonia,MK,MKD,807
180,Romania,RO,ROU,642
181,Russian Federation (the),RU,RUS,643
182,Rwanda,RW,RWA,646
183,Réunion,RE,REU,638
184,Saint Barthélemy,BL,BLM,652
185,"Saint Helena, Ascension and Tristan da Cunha",SH,SHN,654
186,Saint Kitts and Nevis,KN,KNA,659
187,Saint Lucia,LC,LCA,662
188,Saint Martin (French part),MF,MAF,663
189,Saint Pierre and Miquelon,PM,SPM,666
190,Saint Vincent and the Grenadines,VC,VCT,670
191,Samoa,WS,WSM,882
192,San Marino,SM,SMR,674
193,Sao Tome and Principe,ST,STP,678
194,Saudi Arabia,SA,SAU,682
195,Senegal,SN,SEN,686
196,Serbia,RS,SRB,688
197,Seychelles,SC,SYC,690
198,Sierra Leone,SL,SLE,694
199,Singapore,SG,SGP,702
200,Sint Maarten (Dutch part),SX,SXM,534
201,Slovakia,SK,SVK,703
202,Slovenia,SI,SVN,705
203,Solomon Islands,SB,SLB,090
204,Somalia,SO,SOM,706
205,South Africa,ZA,ZAF,710
206,South Georgia and the South Sandwich Islands,GS,SGS,239
207,South Sudan,SS,SSD,728
208,Spain,ES,ESP,724
209,Sri Lanka,LK,LKA,144
210,Sudan (the),SD,SDN,729
211,Suriname,SR,SUR,740
212,Svalbard and Jan Mayen,SJ,SJM,744
213,Sweden,SE,SWE,752
214,Switzerland,CH,CHE,756
215,Syrian Arab Republic,SY,SYR,760
216,Taiwan (Province of China),TW,TWN,158
217,Tajikistan,TJ,TJK,762
218,"Tanzania, United Republic of",TZ,TZA,834
219,Thailand,TH,THA,764
220,Timor-Leste,TL,TLS,626
221,Togo,TG,TGO,768
222,Tokelau,TK,TKL,772
223,Tonga,TO,TON,776
224,Trinidad and Tobago,TT,TTO,780
225,Tunisia,TN,TUN,788
226,Turkey,TR,TUR,792
227,Turkmenistan,TM,TKM,795
228,Turks and Caicos Islands (the),TC,TCA,796
229,Tuvalu,TV,TUV,798
230,Uganda,UG,UGA,800
231,Ukraine,UA,UKR,804
232,United Arab Emirates (the),AE,ARE,784
233,United Kingdom of Great Britain and Northern Ireland (the),GB,GBR,826
234,United States Minor Outlying Islands (the),UM,UMI,581
235,United States of America (the),US,USA,840
236,Uruguay,UY,URY,858
237,Uzbekistan,UZ,UZB,860
238,Vanuatu,VU,VUT,548
239,Venezuela (Bolivarian Republic of),VE,VEN,862
240,Viet Nam,VN,VNM,704
241,Virgin Islands (British),VG,VGB,092
242,Virgin Islands (U.S.),VI,VIR,850
243,Wallis and Futuna,WF,WLF,876
244,Western Sahara,EH,ESH,732
245,Yemen,YE,YEM,887
246,Zambia,ZM,ZMB,894
247,Zimbabwe,ZW,ZWE,716
248,Åland Islands,AX,ALA,248
